[
  {
    "sequenceId": "intro_sequence",
    "nextScene": "GameScene",
    "nextSequence": "",
    "useGradientTransition": true,
    "transitionDuration": 1.0,
    "entries": [
      {
        "textKey": "dialog_intro",
        "characterName": "Narrator",
        "characterSprite": "narrator",
        "characterPosition": { "x": 0, "y": 0 },
        "backgroundSprite": "forest_bg",
        "musicClip": "intro_music",
        "textSpeed": 0.03,
        "waitForInput": true
      },
      {
        "textKey": "npc_greeting",
        "characterName": "Village Elder",
        "characterSprite": "elder",
        "characterPosition": { "x": -200, "y": 0 },
        "backgroundSprite": "",
        "musicClip": "",
        "textSpeed": 0.05,
        "waitForInput": true
      }
    ]
  },
  {
    "sequenceId": "quest_dialogue",
    "nextScene": "",
    "nextSequence": "quest_accepted",
    "useGradientTransition": false,
    "transitionDuration": 0.5,
    "entries": [
      {
        "textKey": "npc_quest",
        "characterName": "Village Elder",
        "characterSprite": "elder",
        "characterPosition": { "x": -200, "y": 0 },
        "backgroundSprite": "village_bg",
        "musicClip": "village_theme",
        "textSpeed": 0.05,
        "waitForInput": true
      },
      {
        "textKey": "player_yes",
        "characterName": "Player",
        "characterSprite": "player",
        "characterPosition": { "x": 200, "y": 0 },
        "backgroundSprite": "",
        "musicClip": "",
        "textSpeed": 0.05,
        "waitForInput": true
      }
    ]
  },
  {
    "sequenceId": "scene_transition",
    "nextScene": "DungeonScene",
    "nextSequence": "",
    "useGradientTransition": true,
    "transitionDuration": 2.0,
    "entries": [
      {
        "textKey": "scene_transition",
        "characterName": "",
        "characterSprite": "",
        "characterPosition": { "x": 0, "y": 0 },
        "backgroundSprite": "transition_bg",
        "musicClip": "transition_music",
        "textSpeed": 0.02,
        "waitForInput": false
      }
    ]
  }
]