[
  {
    "fromScene": "IntroScene",
    "toScene": "GameScene",
    "triggerSequence": "intro_sequence",
    "playerSpawnPosition": { "x": 0, "y": 0, "z": 0 },
    "conditions": {
      "hasKey": false,
      "level": 1
    }
  },
  {
    "fromScene": "GameScene",
    "toScene": "SlideScene",
    "triggerSequence": "quest_dialogue",
    "playerSpawnPosition": { "x": 0, "y": 0, "z": 0 },
    "conditions": {
      "talkedToElder": true
    }
  },
  {
    "fromScene": "SlideScene",
    "toScene": "DungeonScene",
    "triggerSequence": "scene_transition",
    "playerSpawnPosition": { "x": 5, "y": 0, "z": 3 },
    "conditions": {
      "questActive": true
    }
  }
]